Package_name,Country,Price,No. of Days,No. of People,Description,Start Date,End Date
Everest Summit Expedition,Nepal,500000,21,1,A challenging expedition to conquer Mount Everest's summit.,9/1/2023,9/21/2023
Luxury Nepal Getaway,Nepal,275000,10,2,An opulent getaway exploring the best of Nepal.,10/15/2023,10/24/2023
Annapurna Helicopter Tour,Nepal,375000,7,2,A lavish helicopter tour over the majestic Annapurna range.,11/5/2023,11/11/2023
Kathmandu Heritage Retreat,Nepal,150000,5,1,An exclusive retreat to immerse in Kathmandu's heritage.,12/10/2023,12/14/2023
Himalayan Yoga Escape,Nepal,275000,14,2,A rejuvenating yoga escape amidst the Himalayan tranquility.,1/15/2023,1/28/2023
Bhutan Luxury Expedition,Bhutan,425000,12,4,A luxurious expedition to explore Bhutan's hidden treasures.,2/20/2023,3/3/2023
Taj Mahal & Jaipur Tour,India,325000,9,2,Explore the Taj Mahal and the vibrant city of Jaipur in style.,3/15/2023,3/23/2023
Gosaikunda Trek,Nepal,85000,9,2,Explore the sacred alpine lake of Gosaikunda in the Langtang region.,10/10/2023,10/18/2023
Chitwan Jungle Safari,Nepal,65000,4,2,Embark on a thrilling jungle safari in Chitwan National Park.,11/20/2023,11/23/2023
Paragliding in Pokhara,Nepal,45000,2,1,Soar through the skies of Pokhara in an exhilarating paragliding adventure.,12/5/2023,12/6/2023
Lumbini Buddhist Tour,Nepal,60000,6,2,Visit the birthplace of Buddha and explore Lumbini's rich heritage.,1/10/2023,1/15/2023
Upper Mustang Trek,Nepal,95000,12,2,Trek through the mystical landscapes of Upper Mustang.,2/15/2023,2/26/2023
Maldives Overwater Bungalow,Maldives,800000,7,2,Experience luxury in an overwater bungalow in the Maldives.,3/20/2023,3/26/2023
Cultural Delights of Kyoto,Japan,375000,8,2,"Immerse in the cultural wonders of Kyoto, Japan.",4/15/2023,4/22/2023
Santorini Island Getaway,Greece,550000,7,2,Enjoy a romantic getaway on the beautiful island of Santorini.,5/10/2024,5/16/2024
Serengeti Safari Adventure,Tanzania,700000,10,4,Witness the Great Migration on a thrilling Serengeti safari.,6/15/2024,6/24/2024
Amazon Rainforest Expedition,Brazil,600000,8,2,Explore the wonders of the Amazon rainforest in Brazil.,7/10/2024,7/17/2024
Swiss Alps Ski Retreat,Switzerland,475000,7,2,Enjoy a luxurious ski retreat in the picturesque Swiss Alps.,8/5/2024,8/11/2024
Kyoto Cherry Blossom Tour,Japan,375000,9,2,"Witness the beauty of cherry blossoms in Kyoto, Japan.",9/10/2024,9/18/2024
Patagonia Trek,Argentina,625000,14,2,Trek through the stunning landscapes of Patagonia.,10/15/2024,10/28/2024
Iceland Northern Lights Tour,Iceland,550000,7,2,Chase the mesmerizing Northern Lights in Iceland.,11/20/2024,11/26/2024
Pokhara Adventure Retreat,Nepal,125000,6,2,Experience adventure and relaxation in the serene city of Pokhara.,12/10/2024,12/15/2024
Langtang Valley Trek,Nepal,95000,8,2,Trek through the picturesque Langtang Valley in Nepal.,1/15/2023,1/22/2023
Annapurna Base Camp Trek,Nepal,115000,9,2,Hike to the breathtaking Annapurna Base Camp in the Himalayas.,2/20/2023,2/28/2024
Rara Lake Wilderness Tour,Nepal,165000,10,4,Explore the pristine wilderness of Rara Lake in Nepal.,3/10/2023,3/20/2023
Everest Base Camp Expedition,Nepal,275000,14,2,Embark on a challenging expedition to Everest Base Camp.,4/5/2023,4/18/2023
Swiss Alps Winter Wonderland,Switzerland,575000,8,4,Experience the magic of the Swiss Alps in winter.,5/25/2024,6/1/2024
Kenya Wildlife Safari,Kenya,725000,12,6,Explore the diverse wildlife of Kenya's national parks.,6/30/2024,7/11/2024
Galapagos Island Expedition,Ecuador,650000,9,3,Discover the unique biodiversity of the Galapagos Islands.,7/25/2024,8/2/2024
Venice and Tuscany Discovery,Italy,485000,10,2,Explore the historic treasures of Venice and Tuscany.,8/30/2024,9/8/2024
Bhutan Cultural Journey,Bhutan,420000,7,5,Immerse in Bhutan's rich culture and stunning landscapes.,9/15/2024,9/21/2024
Patagonia Glacier Cruise,Argentina,675000,7,8,Cruise through the pristine fjords of Patagonia.,10/25/2024,11/1/2024
Japan Cherry Blossom Tour,Japan,385000,11,2,Witness the breathtaking cherry blossoms in Japan.,11/10/2024,11/20/2024
Maldives Water Villa Escape,Maldives,950000,6,4,Relax in a luxurious water villa in the Maldives.,12/30/2024,1/4/2025
Swiss Ski and Spa Retreat,Switzerland,525000,5,2,Enjoy skiing and relaxation in the Swiss Alps.,1/20/2025,1/24/2025
Paris City of Lights Tour,France,335000,4,3,Explore the romantic city of Paris and its iconic landmarks.,2/25/2025,2/28/2025
Iceland Golden Circle Adventure,Iceland,450000,6,6,Discover Iceland's Golden Circle and its natural wonders.,3/25/2025,3/30/2025
Safari and Beach Getaway,Tanzania,725000,10,4,Combine a thrilling safari with a relaxing beach vacation.,4/10/2025,4/20/2025
Cambodia Temples Exploration,Cambodia,400000,7,4,Explore the ancient temples and rich history of Cambodia.,1/10/2025,1/16/2025
Bali Beach Retreat,Indonesia,525000,6,4,Relax on the beautiful beaches of Bali.,6/20/2024,6/25/2024
Thai Adventure,Thailand,695000,10,6,Explore the adventurous side of Thailand.,7/15/2024,7/24/2024
Seoul City Exploration,South Korea,450000,5,2,"Discover the vibrant city of Seoul, South Korea.",8/10/2024,8/14/2024
Himalayan Trek,Nepal,650000,12,5,Trek through the breathtaking landscapes of Nepal.,9/15/2024,9/26/2024
Tilocho Lake Wilderness,Nepal,525000,7,3,Explore the pristine Tilocho Lake in Far Western Nepal.,10/20/2024,10/26/2024
Nepal Bungee Adventure,Nepal,425000,4,2,Experience thrilling bungee jumping in Nepal.,11/10/2024,11/13/2024
Far Western Nepal Expedition,Nepal,600000,9,4,Embark on an expedition to Far Western Nepal.,12/15/2024,12/23/2024
Manang Mountain Retreat,Nepal,550000,7,6,Retreat in the serene mountain landscapes of Manang.,1/20/2025,1/26/2025
Mustang Muktinath Pilgrimage,Nepal,475000,8,3,Embark on a spiritual pilgrimage to Mustang Muktinath.,2/15/2025,2/22/2025
Bali Yoga Retreat,Indonesia,625000,7,4,Rejuvenate with yoga and relaxation in Bali.,3/20/2025,3/26/2025
Phuket Island Adventure,Thailand,725000,11,5,Explore the beautiful island of Phuket in Thailand.,4/15/2025,4/26/2025
Jeju Island Discovery,South Korea,475000,9,2,"Discover the natural beauty of Jeju Island, South Korea.",5/10/2025,5/18/2025
Jeju Island Getaway,South Korea,550000,5,4,Relax on the beautiful beaches of Jeju Island.,1/10/2025,1/15/2025
Mustang Mountain Retreat,Nepal,475000,7,2,Retreat in the serene mountain landscapes of Mustang.,2/15/2025,2/21/2025
Raja Ampat Diving Expedition,Indonesia,725000,8,4,Dive into the stunning underwater world of Raja Ampat.,3/20/2025,3/28/2025
Phi Phi Island Paradise,Thailand,625000,7,3,Enjoy the paradise of Phi Phi Islands in Thailand.,4/10/2025,4/17/2025
Gyeongju Historical Tour,South Korea,475000,6,5,Explore the rich history of Gyeongju in South Korea.,5/15/2025,5/20/2025
Komodo Island Expedition,Indonesia,725000,9,6,Explore the unique wildlife and landscapes of Komodo Island.,6/25/2024,7/3/2024
Krabi Adventure,Thailand,575000,8,4,Experience thrilling adventures in the beautiful Krabi region.,7/20/2024,7/27/2024
Seoul and Busan Exploration,South Korea,525000,10,3,Discover the vibrant cities of Seoul and Busan in South Korea.,8/25/2024,9/3/2024
Langtang Valley Trek,Nepal,625000,11,5,Trek through the scenic Langtang Valley in Nepal.,9/30/2024,10/10/2024
Bali Waterfall Retreat,Indonesia,550000,6,2,Enjoy a peaceful retreat near beautiful Bali waterfalls.,10/20/2024,10/25/2024
Chiang Rai Cultural Experience,Thailand,450000,7,3,Immerse in the rich culture and history of Chiang Rai.,11/15/2024,11/21/2024
Annapurna Base Camp Trek,Nepal,675000,14,6,Trek to the stunning Annapurna Base Camp in Nepal.,12/10/2024,12/24/2024
Jeju Island Adventure,South Korea,525000,8,4,Embark on an adventure exploring Jeju Island's natural beauty.,1/10/2025,1/18/2025
Upper Mustang Expedition,Nepal,600000,12,5,Explore the hidden treasures of Upper Mustang in Nepal.,2/10/2025,2/21/2025
Bali Surfing Retreat,Indonesia,695000,7,3,Enjoy a surfing retreat on Bali's famous waves.,3/15/2025,3/21/2025
Koh Samui Beach Paradise,Thailand,825000,6,2,Relax on the pristine beaches of Koh Samui.,4/15/2025,4/20/2025
Seoul and Jeju Island Escape,South Korea,550000,9,4,Explore the vibrant city of Seoul and the beauty of Jeju Island.,5/20/2025,5/29/2025
Jakarta Urban Exploration,Indonesia,450000,5,2,"Discover the vibrant city life of Jakarta, Indonesia.",6/20/2024,6/24/2024
Phuket Island Paradise,Thailand,650000,7,4,"Enjoy the tropical paradise of Phuket, Thailand.",7/15/2024,7/21/2024
Busan Beach Getaway,South Korea,525000,6,3,"Relax on the beautiful beaches of Busan, South Korea.",8/10/2024,8/15/2024
Langtang Valley Trek,Nepal,600000,10,5,Trek through the picturesque Langtang Valley in Nepal.,9/15/2024,9/24/2024
Bali Cultural Immersion,Indonesia,475000,8,4,"Immerse in the rich culture of Bali, Indonesia.",10/20/2024,10/27/2024
Krabi Adventure,Thailand,550000,9,6,"Embark on adventurous activities in Krabi, Thailand.",11/15/2024,11/24/2024
Annapurna Circuit Trek,Nepal,725000,15,6,Trek the challenging Annapurna Circuit in Nepal.,12/10/2024,12/25/2024
Jeju Island Discovery,South Korea,525000,7,3,"Explore the natural beauty of Jeju Island, South Korea.",1/10/2025,1/16/2025
Mustang Muktinath Pilgrimage,Nepal,475000,9,4,Embark on a spiritual pilgrimage to Mustang Muktinath.,2/15/2025,2/23/2025
Lombok Beach Retreat,Indonesia,675000,6,2,"Relax on the pristine beaches of Lombok, Indonesia.",3/15/2025,3/20/2025
Chiang Mai Elephant Encounter,Thailand,550000,5,2,Experience an unforgettable encounter with elephants in Chiang Mai.,4/10/2025,4/14/2025
Seoul and Gangnam City Escape,South Korea,725000,8,4,Explore the vibrant city life of Seoul and Gangnam district.,5/15/2025,5/22/2025
Ubud Cultural Retreat,Indonesia,525000,7,4,"Immerse in the cultural richness of Ubud, Bali.",6/25/2024,7/1/2024
Krabi Island Adventure,Thailand,675000,9,6,Explore the pristine islands and waters of Krabi.,7/20/2024,7/28/2024
Busan Cultural Exploration,South Korea,475000,6,3,"Discover the cultural treasures of Busan, South Korea.",8/25/2024,8/30/2024
Annapurna Base Camp Trek,Nepal,725000,14,5,Trek to the stunning Annapurna Base Camp in Nepal.,9/30/2024,10/13/2024
Bali Wellness Retreat,Indonesia,550000,8,4,Rejuvenate your body and mind with a wellness retreat in Bali.,10/25/2024,11/1/2024
Chiang Rai Adventure,Thailand,625000,10,6,Embark on an adventurous journey through Chiang Rai.,11/20/2024,11/30/2024
Everest Base Camp Expedition,Nepal,800000,16,5,Conquer Everest Base Camp and witness its majesty.,12/15/2024,12/30/2024
Gyeongju Heritage Tour,South Korea,450000,5,3,Explore the rich historical heritage of Gyeongju.,1/20/2025,1/24/2025
Raja Ampat Diving Adventure,Indonesia,750000,7,4,"Dive into the pristine waters of Raja Ampat, Indonesia.",2/15/2025,2/21/2025
Pai Relaxation Getaway,Thailand,525000,6,2,Unwind and relax in the tranquil atmosphere of Pai.,3/20/2025,3/25/2025
Seoul Cityscape Exploration,South Korea,475000,7,3,Discover the mesmerizing cityscape of Seoul.,4/10/2025,4/16/2025
Langtang Valley Expedition,Nepal,675000,12,4,Embark on an expedition to the remote Langtang Valley.,5/15/2025,5/26/2025
Dolakha Himalayan Trek,Nepal,575000,8,4,Trek through the pristine Himalayan landscapes of Dolakha.,6/20/2024,6/27/2024
Janakpur Cultural Journey,Nepal,425000,6,3,"Explore the cultural heritage of Janakpur, Nepal.",7/15/2024,7/20/2024
Chitwan Wildlife Safari,Nepal,650000,7,2,"Experience a thrilling wildlife safari in Chitwan National Park, Nepal.",8/10/2024,8/16/2024
Bardia Jungle Expedition,Nepal,725000,9,6,"Embark on an adventurous jungle expedition in Bardia, Nepal.",9/15/2024,9/23/2024
Rara Lake Retreat,Nepal,575000,6,3,Relax by the serene Rara Lake in the remote far-western Nepal.,10/20/2024,10/25/2024
Lumbini Spiritual Tour,Nepal,450000,5,2,"Discover the spiritual significance of Lumbini, Nepal.",11/20/2024,11/24/2024
Mustang Cultural Exploration,Nepal,525000,8,4,Explore the rich culture of Mustang in the Himalayas.,12/15/2024,12/22/2024
Rara Lake Adventure,Nepal,675000,12,5,Embark on an adventurous journey to the Rara Lake region.,1/10/2025,1/21/2025
Dolakha Mountain Expedition,Nepal,600000,11,6,"Embark on a challenging mountain expedition in Dolakha, Nepal.",2/10/2025,2/21/2025
Janakpur Temples and Culture,Nepal,475000,7,3,Explore the ancient temples and rich culture of Janakpur.,3/15/2025,3/21/2025
Chitwan Wildlife Adventure,Nepal,725000,10,4,"Experience the thrill of wildlife in Chitwan National Park, Nepal.",4/10/2025,4/20/2025
Bardia Jungle Retreat,Nepal,550000,7,2,"Retreat in the pristine wilderness of Bardia, Nepal.",5/15/2025,5/21/2025
Sydney Harbor Exploration,Australia,850000,7,4,"Explore the iconic landmarks around Sydney Harbor, Australia.",6/20/2024,6/27/2024
New Zealand Adventure,New Zealand,775000,10,6,Embark on an adventurous journey through the landscapes of New Zealand.,7/15/2024,7/25/2024
Grand USA Road Trip,United States,1000000,14,4,Experience the ultimate road trip across the United States.,8/10/2024,8/24/2024
London City Escape,England,625000,6,2,"Enjoy a city escape in the heart of London, England.",9/15/2024,9/20/2024
Canadian Rockies Exploration,Canada,925000,12,5,Explore the stunning Canadian Rockies and national parks.,10/20/2024,10/31/2024
Tokyo City Adventure,Japan,750000,8,3,"Discover the vibrant city life of Tokyo, Japan.",11/20/2024,11/28/2024
Great Barrier Reef Expedition,Australia,950000,9,6,Dive into the underwater wonders of the Great Barrier Reef.,12/15/2024,12/23/2024
New Zealand Wine Tour,New Zealand,675000,7,4,Indulge in a wine tour and culinary delights in New Zealand.,1/10/2025,1/16/2025
American National Parks Tour,United States,925000,15,6,Explore the beauty of America's national parks and landscapes.,2/10/2025,2/24/2025
London Theater Experience,England,575000,5,3,Immerse in the world of London theater and culture.,3/15/2025,3/19/2025
Canadian Wilderness Retreat,Canada,850000,11,5,Retreat in the pristine Canadian wilderness.,4/10/2025,4/20/2025
Kyoto Zen Retreat,Japan,700000,7,2,"Experience Zen and tranquility in Kyoto, Japan.",5/15/2025,5/21/2025
Melbourne Culture and Arts,Australia,725000,8,4,"Explore the vibrant culture and arts scene in Melbourne, Australia.",6/25/2024,7/2/2024
Queenstown Adventure,New Zealand,775000,9,6,"Embark on an adventure-packed journey in Queenstown, New Zealand.",7/20/2024,7/28/2024
USA East Coast Discovery,United States,950000,12,4,Discover the charm of the USA's East Coast cities and landscapes.,8/25/2024,9/5/2024
English Countryside Retreat,England,625000,7,2,Relax in the picturesque English countryside.,9/30/2024,10/6/2024
Canadian Northern Lights,Canada,825000,7,3,Witness the mesmerizing Northern Lights in Canada's north.,10/25/2024,10/31/2024
Kyoto Cherry Blossom Delight,Japan,725000,10,5,"Experience the beauty of cherry blossoms in Kyoto, Japan.",11/20/2024,11/30/2024
Great Ocean Road Expedition,Australia,850000,11,6,Drive along the scenic Great Ocean Road in Australia.,12/10/2024,12/20/2024
New Zealand Hiking Adventure,New Zealand,775000,12,4,Embark on a challenging hiking adventure in New Zealand.,1/10/2025,1/21/2025
USA National Parks Expedition,United States,975000,14,6,Explore the natural wonders of the USA's national parks.,2/15/2025,2/28/2025
Cotswolds Countryside Escape,England,525000,7,3,Enjoy a peaceful escape to the Cotswolds in England.,3/20/2025,3/26/2025
Canadian Canoeing Adventure,Canada,725000,8,4,Paddle through Canada's pristine lakes and rivers.,4/15/2025,4/22/2025
Tokyo Anime and Culture Tour,Japan,675000,9,5,"Immerse in the world of anime and culture in Tokyo, Japan.",5/10/2025,5/18/2025
Perth Beach Getaway,Australia,725000,7,4,"Relax on the pristine beaches of Perth, Australia.",6/15/2024,6/21/2024
Fiordland Wilderness Expedition,New Zealand,825000,11,6,"Explore the remote wilderness of Fiordland, New Zealand.",7/10/2024,7/20/2024
USA West Coast Road Trip,United States,1100000,14,4,Experience the beauty of the USA's West Coast on a road trip.,8/15/2024,8/29/2024
Shakespearean England Tour,England,675000,8,3,Dive into the world of Shakespeare in England.,9/10/2024,9/17/2024
Canadian Canopy Walk Adventure,Canada,875000,9,5,Walk among the treetops in Canada's canopy walk adventure.,10/15/2024,10/23/2024
Hiroshima and Kyoto Discovery,Japan,775000,10,4,"Discover the historical and cultural gems of Hiroshima and Kyoto, Japan.",11/10/2024,11/20/2024
Great Barrier Reef Diving,Australia,950000,7,3,Dive into the vibrant underwater world of the Great Barrier Reef.,12/5/2024,12/11/2024
North Island Road Trip,New Zealand,775000,9,6,Explore the scenic North Island of New Zealand on a road trip.,1/10/2025,1/18/2025
USA National Parks Adventure,United States,1050000,15,5,Embark on an adventurous journey through the USA's national parks.,2/5/2025,2/20/2025
Lake District Getaway,England,525000,6,2,"Relax and unwind in the picturesque Lake District, England.",3/10/2025,3/15/2025
Canadian Rockies Hiking,Canada,825000,10,4,Hike through the stunning Canadian Rockies.,4/5/2025,4/15/2025
Osaka Food and Culture Tour,Japan,675000,8,3,Indulge in Osaka's culinary delights and cultural experiences.,5/5/2025,5/12/2025
Great Ocean Road Adventure,Australia,775000,9,6,"Embark on an adventurous journey along the Great Ocean Road, Australia.",6/25/2024,7/3/2024
South Island Exploration,New Zealand,875000,12,5,Explore the diverse landscapes of New Zealand's South Island.,7/20/2024,7/31/2024
USA National Parks Discovery,United States,1150000,14,4,Discover the natural wonders of the USA's national parks.,8/15/2024,8/29/2024
Scottish Highlands Retreat,Scotland,625000,7,2,Retreat in the breathtaking landscapes of the Scottish Highlands.,9/10/2024,9/16/2024
Quebec Winter Wonderland,Canada,875000,9,6,"Experience the enchanting winter wonderland of Quebec, Canada.",10/15/2024,10/23/2024
Hiroshima Peace and Culture,Japan,750000,8,4,Explore Hiroshima's peace memorials and rich cultural heritage.,11/10/2024,11/17/2024
Sydney Opera House Getaway,Australia,875000,6,3,"Enjoy a getaway near the iconic Sydney Opera House, Australia.",12/5/2024,12/10/2024
North Island Adventure,New Zealand,725000,8,5,Embark on an adventure across New Zealand's North Island.,1/5/2025,1/12/2025
New England Fall Foliage Tour,United States,975000,12,4,Witness the beauty of autumn with a fall foliage tour in New England.,2/5/2025,2/16/2025
Lake District Hiking Retreat,England,575000,7,3,Hike through the picturesque Lake District in England.,3/10/2025,3/16/2025
Vancouver Island Wildlife Tour,Canada,825000,10,6,"Explore the diverse wildlife of Vancouver Island, Canada.",4/5/2025,4/15/2025
Okinawa Island Getaway,Japan,725000,9,5,"Relax and explore the tropical paradise of Okinawa Island, Japan.",5/5/2025,5/13/2025
Great Barrier Reef Snorkeling,Australia,825000,7,4,Explore the vibrant underwater world of the Great Barrier Reef through snorkeling.,6/20/2024,6/27/2024
North Island Cultural Journey,New Zealand,725000,8,6,Immerse in the rich Maori culture and heritage of New Zealand's North Island.,7/15/2024,7/22/2024
USA National Parks Explorer,United States,1200000,14,4,Embark on an extensive exploration of the USA's iconic national parks.,8/10/2024,8/24/2024
Romantic Paris Getaway,France,750000,6,2,"Experience the romance of Paris, the City of Love, in France.",9/5/2024,9/10/2024
Canadian Northern Adventure,Canada,895000,11,5,Journey into the heart of Canada's Northern wilderness and adventure.,10/10/2024,10/21/2024
Kyoto Cherry Blossom Retreat,Japan,775000,9,4,"Witness the breathtaking cherry blossoms in Kyoto, Japan, and enjoy a retreat.",11/5/2024,11/13/2024
Gold Coast Beach Paradise,Australia,850000,8,3,"Relax and enjoy the pristine beaches of the Gold Coast, Australia.",12/5/2024,12/12/2024
South Island Photography Tour,New Zealand,775000,10,6,Capture stunning landscapes with a photography tour of New Zealand's South Island.,1/5/2025,1/15/2025
USA Music and Culture Experience,United States,1000000,12,4,Immerse in the music and cultural scene of the USA's vibrant cities.,2/5/2025,2/16/2025
English Countryside Cycling,England,525000,7,3,Explore the charming English countryside on a cycling adventure.,3/10/2025,3/17/2025
Alberta Rocky Mountain Trek,Canada,875000,11,5,"Trek through the stunning Rocky Mountains of Alberta, Canada.",4/5/2025,4/16/2025
Tokyo Culinary Delights,Japan,725000,8,5,"Indulge in the diverse culinary delights of Tokyo, Japan.",5/5/2025,5/13/2025
Barcelona Cultural Escape,Spain,775000,7,4,"Immerse in the rich culture and art of Barcelona, Spain.",6/20/2024,6/27/2024
Lisbon and Porto Discovery,Portugal,725000,9,6,"Explore the historic cities of Lisbon and Porto, Portugal.",7/15/2024,7/23/2024
Paris Fashion and Shopping,France,850000,7,4,"Experience the latest fashion trends in Paris, France.",8/10/2024,8/16/2024
Dubai Luxury Getaway,UAE,950000,8,2,"Enjoy a luxurious getaway in Dubai, the UAE.",9/15/2024,9/22/2024
Kuala Lumpur City Exploration,Malaysia,575000,6,3,"Discover the vibrant city of Kuala Lumpur, Malaysia.",10/20/2024,10/25/2024
Yangon Cultural Journey,Myanmar,625000,8,5,"Explore the cultural heritage of Yangon, Myanmar.",11/20/2024,11/27/2024
Golden Triangle Adventure,India,775000,10,4,Embark on an adventure through India's Golden Triangle.,12/15/2024,12/25/2024
Madrid and Seville Exploration,Spain,725000,9,6,"Explore the historic cities of Madrid and Seville, Spain.",1/10/2025,1/18/2025
Algarve Beach Retreat,Portugal,775000,7,3,"Relax on the beautiful beaches of Algarve, Portugal.",2/10/2025,2/17/2025
Provence Wine and Culinary Tour,France,850000,8,5,"Indulge in the finest wines and cuisine of Provence, France.",3/15/2025,3/22/2025
Abu Dhabi Desert Safari,UAE,625000,6,2,"Experience the thrill of a desert safari in Abu Dhabi, UAE.",4/10/2025,4/15/2025
Penang Food and Culture Tour,Malaysia,575000,7,4,"Taste the diverse flavors and cultures of Penang, Malaysia.",5/15/2025,5/21/2025
Ibiza Beach Party Escape,Spain,925000,7,4,"Experience the vibrant beach party scene in Ibiza, Spain.",6/25/2024,7/2/2024
Porto Wine Tasting Journey,Portugal,775000,8,6,Savor the flavors of Portugal with a wine tasting journey in Porto.,7/20/2024,7/27/2024
French Riviera Luxury Retreat,France,1100000,10,4,Indulge in luxury on the French Riviera.,8/15/2024,8/25/2024
Dubai Desert Adventure,UAE,825000,9,5,"Embark on an adventurous desert journey in Dubai, UAE.",9/10/2024,9/18/2024
Langkawi Island Paradise,Malaysia,625000,6,2,"Relax on the pristine beaches of Langkawi Island, Malaysia.",10/5/2024,10/10/2024
Bagan Temples and Pagodas Tour,Myanmar,725000,8,6,"Explore the ancient temples and pagodas of Bagan, Myanmar.",11/5/2024,11/12/2024
Rajasthan Heritage Journey,India,875000,12,4,"Discover the rich heritage of Rajasthan, India.",12/10/2024,12/22/2024
Barcelona Gourmet Experience,Spain,725000,7,3,"Delight in the culinary wonders of Barcelona, Spain.",1/15/2025,1/21/2025
Azores Adventure Expedition,Portugal,825000,10,5,"Embark on an adventurous expedition to the Azores, Portugal.",2/10/2025,2/20/2025
Normandy Countryside Escape,France,750000,9,4,"Escape to the picturesque Normandy countryside, France.",3/10/2025,3/19/2025
Abu Dhabi Cultural Exploration,UAE,675000,8,3,"Explore the rich cultural heritage of Abu Dhabi, UAE.",4/15/2025,4/22/2025
Penang Island Adventure,Malaysia,675000,10,5,"Embark on an adventure-packed journey on Penang Island, Malaysia.",5/10/2025,5/20/2025
Seville Flamenco Experience,Spain,725000,6,4,"Immerse in the passionate world of Flamenco in Seville, Spain.",6/25/2024,7/1/2024
Alentejo Vineyard Retreat,Portugal,875000,7,6,Retreat to the serene Alentejo vineyards in Portugal.,7/20/2024,7/26/2024
French Alps Ski Adventure,France,1150000,7,4,Experience thrilling ski adventures in the French Alps.,8/15/2024,8/21/2024
Abu Dhabi Desert Glamping,UAE,950000,5,2,"Enjoy luxurious desert glamping in Abu Dhabi, UAE.",9/10/2024,9/14/2024
Kuala Lumpur Foodie Tour,Malaysia,575000,5,3,Embark on a culinary tour to savor Kuala Lumpur's diverse cuisine.,10/5/2024,10/9/2024
Mandalay River Cruise,Myanmar,825000,7,6,"Cruise along the scenic rivers of Mandalay, Myanmar.",11/5/2024,11/11/2024
Rajasthan Palace Retreat,India,1050000,10,4,"Experience royal luxury in Rajasthan's palaces, India.",12/10/2024,12/19/2024
Valencia Beach Getaway,Spain,675000,8,3,"Relax on the beautiful beaches of Valencia, Spain.",1/15/2025,1/22/2025
Douro Valley Wine Experience,Portugal,825000,6,2,"Indulge in wine tasting in the scenic Douro Valley, Portugal.",2/10/2025,2/15/2025
French Châteaux Adventure,France,875000,9,5,Explore the historic châteaux of the French countryside.,3/10/2025,3/18/2025
Dubai Beach and Culture Tour,UAE,725000,7,4,Discover the best of Dubai's beaches and culture.,4/15/2025,4/21/2025
Langkawi Island Wildlife Tour,Malaysia,725000,8,6,"Explore the diverse wildlife on Langkawi Island, Malaysia.",5/10/2025,5/17/2025
Granada Alhambra Tour,Spain,725000,6,4,"Explore the stunning Alhambra palace in Granada, Spain.",6/25/2024,7/1/2024
Douro River Cruise,Portugal,875000,8,6,Cruise along the scenic Douro River in Portugal.,7/20/2024,7/27/2024
French Wine and Culinary Tour,France,1250000,9,4,Savor the finest wines and cuisine of France on this tour.,8/15/2024,8/24/2024
Dubai Skydiving Adventure,UAE,1050000,5,2,"Experience thrilling skydiving adventures in Dubai, UAE.",9/10/2024,9/14/2024
Penang Island Getaway,Malaysia,675000,6,3,"Enjoy a relaxing getaway on the beautiful Penang Island, Malaysia.",10/5/2024,10/10/2024
Bagan Hot Air Balloon Ride,Myanmar,925000,7,6,Soar above the ancient temples of Bagan with a hot air balloon ride.,11/5/2024,11/11/2024
Kerala Backwaters Retreat,India,950000,8,4,"Relax in the serene backwaters of Kerala, India.",12/10/2024,12/17/2024
Seville Tapas and Flamenco,Spain,675000,7,3,"Enjoy delicious tapas and flamenco shows in Seville, Spain.",1/15/2025,1/21/2025
Porto and Lisbon Exploration,Portugal,825000,10,5,"Explore the historic cities of Porto and Lisbon, Portugal.",2/10/2025,2/20/2025
French Riviera Beach Retreat,France,850000,6,2,Relax on the beautiful beaches of the French Riviera.,3/10/2025,3/15/2025
Abu Dhabi Island Getaway,UAE,625000,7,4,"Enjoy a getaway on the stunning islands of Abu Dhabi, UAE.",4/15/2025,4/21/2025
Langkawi Rainforest Adventure,Malaysia,725000,8,6,Embark on an adventurous journey through Langkawi's rainforest.,5/10/2025,5/18/2025
Madrid Royal Palace Tour,Spain,625000,5,3,"Explore the majestic Royal Palace of Madrid, Spain.",6/20/2024,6/25/2024
Algarve Coastal Retreat,Portugal,825000,7,4,"Relax and rejuvenate on the picturesque Algarve coast, Portugal.",7/15/2024,7/22/2024
French Wine Country Adventure,France,1350000,10,6,Embark on an adventure in the heart of French wine country.,8/10/2024,8/20/2024
Dubai Marina Yacht Cruise,UAE,975000,6,2,"Experience the luxury of a yacht cruise in Dubai Marina, UAE.",9/5/2024,9/10/2024
Penang Cultural Discovery,Malaysia,675000,8,5,"Discover the rich cultural heritage of Penang, Malaysia.",10/10/2024,10/18/2024
Inle Lake Nature Retreat,Myanmar,875000,9,4,"Retreat in the tranquil nature of Inle Lake, Myanmar.",11/10/2024,11/19/2024
Kerala Ayurvedic Wellness,India,1025000,12,6,"Rejuvenate with Ayurvedic wellness in the backwaters of Kerala, India.",12/5/2024,12/17/2024
Barcelona Foodie Tour,Spain,725000,7,4,"Savor the diverse culinary delights of Barcelona, Spain.",1/10/2025,1/16/2025
Azores Volcano Exploration,Portugal,825000,8,3,"Explore the volcanic landscapes of the Azores, Portugal.",2/5/2025,2/12/2025
French Countryside Cycling,France,750000,9,5,Cycle through the charming French countryside.,3/5/2025,3/14/2025
Dubai Luxury Spa Retreat,UAE,725000,7,4,"Relax and rejuvenate with a luxury spa retreat in Dubai, UAE.",4/10/2025,4/17/2025
Langkawi Island Paradise,Malaysia,625000,6,2,"Escape to the paradise of Langkawi Island, Malaysia.",5/5/2025,5/10/2025
Doha Cultural Exploration,Qatar,825000,6,4,"Explore the rich cultural heritage of Doha, Qatar.",6/20/2024,6/25/2024
Moscow Red Square Tour,Russia,875000,7,6,"Discover the historic Red Square in Moscow, Russia.",7/15/2024,7/22/2024
Beijing Great Wall Adventure,China,1250000,10,6,Embark on an adventure to the Great Wall of China in Beijing.,8/10/2024,8/20/2024
Hong Kong City Escape,Hong Kong,975000,6,2,Enjoy an escape in the vibrant city of Hong Kong.,9/5/2024,9/10/2024
Taipei Cultural Discovery,Taiwan,675000,8,5,"Discover the cultural treasures of Taipei, Taiwan.",10/10/2024,10/18/2024
Gobi Desert Expedition,Mongolia,1025000,12,6,Embark on an expedition to the vast Gobi Desert in Mongolia.,11/10/2024,11/19/2024
Trans-Siberian Railway Journey,Russia,1125000,14,4,Journey on the iconic Trans-Siberian Railway in Russia.,12/5/2024,12/18/2024
Shanghai City of Lights Tour,China,725000,7,4,"Explore the dazzling city lights of Shanghai, China.",1/10/2025,1/16/2025
Macau Entertainment Retreat,Macau,825000,8,3,Enjoy entertainment and relaxation in Macau.,2/5/2025,2/12/2025
Taroko Gorge Hiking Adventure,Taiwan,750000,9,5,Hike through the stunning Taroko Gorge in Taiwan.,3/5/2025,3/14/2025
Ulaanbaatar Cultural Experience,Mongolia,725000,7,4,"Immerse in the cultural experiences of Ulaanbaatar, Mongolia.",4/10/2025,4/17/2025
St. Petersburg Heritage Tour,Russia,625000,6,2,"Explore the rich heritage of St. Petersburg, Russia.",5/5/2025,5/10/2025
Doha Desert Safari,Qatar,775000,7,4,"Experience the thrill of a desert safari in Doha, Qatar.",6/25/2024,7/1/2024
St. Petersburg Winter Wonderland,Russia,950000,8,6,"Explore the enchanting winter wonderland of St. Petersburg, Russia.",7/20/2024,7/28/2024
Beijing Imperial Discovery,China,1200000,10,4,"Discover the imperial treasures of Beijing, China.",8/15/2024,8/24/2024
Hong Kong Skyline Cruise,Hong Kong,725000,6,3,Cruise along the iconic Hong Kong skyline.,9/10/2024,9/15/2024
Taipei Night Markets Tour,Taiwan,625000,5,2,"Explore the bustling night markets of Taipei, Taiwan.",10/5/2024,10/9/2024
Mongolian Nomad Adventure,Mongolia,1100000,12,6,Live the nomadic life on an adventure in Mongolia.,11/5/2024,11/17/2024
Sochi Black Sea Retreat,Russia,775000,8,5,"Relax on the Black Sea coast in Sochi, Russia.",12/10/2024,12/18/2024
Shanghai Modern Art Tour,China,825000,7,4,"Explore modern art in the vibrant city of Shanghai, China.",1/15/2025,1/21/2025
Macau Casino Extravaganza,Macau,975000,6,2,Experience the excitement of Macau's casinos and entertainment.,2/10/2025,2/15/2025
Taroko Gorge Nature Retreat,Taiwan,750000,9,5,"Retreat in the natural beauty of Taroko Gorge, Taiwan.",3/10/2025,3/19/2025
Genghis Khan Heritage Tour,Mongolia,850000,10,4,Explore the heritage of Genghis Khan in Mongolia.,4/15/2025,4/25/2025
Kazan Cultural Exploration,Russia,675000,7,3,"Explore the rich culture of Kazan, Russia.",5/10/2025,5/16/2025
Qatar Desert Glamping,Qatar,825000,7,4,Experience luxurious desert glamping in Qatar.,6/25/2024,7/1/2024
Moscow Art and Culture Tour,Russia,950000,8,6,"Immerse in the vibrant art and culture scene of Moscow, Russia.",7/20/2024,7/28/2024
Beijing Historical Tour,China,1200000,10,4,"Explore the rich history of Beijing, China.",8/15/2024,8/24/2024
Hong Kong Disneyland Adventure,Hong Kong,725000,6,3,Enjoy thrilling adventures at Hong Kong Disneyland.,9/10/2024,9/15/2024
Taipei Tea and Gardens Retreat,Taiwan,625000,5,2,"Relax in tranquil tea gardens in Taipei, Taiwan.",10/5/2024,10/9/2024
Mongolian Steppe Expedition,Mongolia,1100000,12,6,Embark on an expedition through the Mongolian steppe.,11/5/2024,11/17/2024
Sochi Beach Getaway,Russia,775000,8,5,"Relax on the beautiful beaches of Sochi, Russia.",12/10/2024,12/18/2024
Shanghai Tech and Innovation,China,825000,7,4,"Explore the latest tech and innovation in Shanghai, China.",1/15/2025,1/21/2025
Macau Culinary Delights,Macau,975000,6,2,Savor culinary delights in the food capital of Macau.,2/10/2025,2/15/2025
Taiwan Beach Retreat,Taiwan,750000,9,5,Relax on the pristine beaches of Taiwan.,3/10/2025,3/19/2025
Mongolian Eagle Hunting,Mongolia,850000,10,4,Witness the ancient tradition of eagle hunting in Mongolia.,4/15/2025,4/25/2025
Kazan River Cruise,Russia,675000,7,3,"Cruise along the scenic rivers of Kazan, Russia.",5/10/2025,5/16/2025
Doha Sunset Cruise,Qatar,725000,5,3,"Enjoy a picturesque sunset cruise in Doha, Qatar.",6/20/2024,6/24/2024
Trans-Siberian Railway Expedition,Russia,1250000,14,6,Embark on an epic journey on the Trans-Siberian Railway in Russia.,7/15/2024,7/28/2024
Shanghai Fashion Experience,China,1050000,8,4,"Dive into the world of fashion in Shanghai, China.",8/10/2024,8/17/2024
Hong Kong Food and Culture Tour,Hong Kong,775000,7,3,Explore the rich food and culture scene in Hong Kong.,9/5/2024,9/11/2024
Taipei Adventure Retreat,Taiwan,675000,6,2,"Embark on an adventure-filled retreat in Taipei, Taiwan.",10/10/2024,10/15/2024
Mongolian Nomadic Experience,Mongolia,1150000,10,6,Live the nomadic life and experience Mongolia's traditions.,11/5/2024,11/15/2024
Sochi Skiing and Spa Retreat,Russia,950000,8,4,"Enjoy skiing and spa relaxation in Sochi, Russia.",12/10/2024,12/17/2024
Beijing Hutong Exploration,China,725000,6,3,"Explore the historic hutongs of Beijing, China.",1/15/2025,1/20/2025
Macau Entertainment Extravaganza,Macau,875000,9,5,Experience the entertainment extravaganza in Macau.,2/10/2025,2/19/2025
Taiwan Tea Culture Immersion,Taiwan,725000,7,4,Immerse in the rich tea culture of Taiwan.,3/15/2025,3/21/2025
Ulaanbaatar Outdoor Adventure,Mongolia,825000,8,6,"Embark on an outdoor adventure in Ulaanbaatar, Mongolia.",4/20/2025,4/27/2025
Kazan Historic City Tour,Russia,625000,5,2,"Explore the historic city of Kazan, Russia.",5/15/2025,5/20/2025
Qatar Desert Safari,Qatar,825000,7,4,Embark on an exciting desert safari adventure in Qatar.,6/20/2024,6/26/2024
St. Petersburg Ballet Retreat,Russia,975000,8,6,"Immerse in the world of ballet in St. Petersburg, Russia.",7/15/2024,7/22/2024
Beijing Martial Arts Training,China,1150000,10,4,"Train in traditional martial arts in Beijing, China.",8/10/2024,8/19/2024
Hong Kong Island Getaway,Hong Kong,725000,6,3,Enjoy a relaxing getaway on Hong Kong Island.,9/5/2024,9/10/2024
Taiwan Night Market Food Tour,Taiwan,625000,5,2,Indulge in the delicious street food of Taiwan's night markets.,10/5/2024,10/9/2024
Mongolian Eagle Festival,Mongolia,1050000,9,5,Witness the thrilling Mongolian Eagle Festival.,11/5/2024,11/13/2024
Sochi Black Sea Adventure,Russia,825000,7,4,"Experience adventure on the Black Sea coast in Sochi, Russia.",12/10/2024,12/17/2024
Beijing Acrobatics Show,China,725000,6,3,"Witness breathtaking acrobatics in Beijing, China.",1/15/2025,1/20/2025
Macau Luxury Casino Retreat,Macau,975000,8,6,Enjoy luxury and casino entertainment in Macau.,2/10/2025,2/18/2025
Taiwan Hot Springs Getaway,Taiwan,750000,7,4,Relax in rejuvenating hot springs in Taiwan.,3/15/2025,3/21/2025
Genghis Khan Expedition,Mongolia,1150000,10,6,Embark on an expedition following Genghis Khan's legacy in Mongolia.,4/20/2025,4/29/2025
Kazan Cultural Retreat,Russia,675000,7,4,"Immerse in the cultural richness of Kazan, Russia.",5/15/2025,5/21/2025
Doha Skyline Helicopter Tour,Qatar,825000,5,2,Experience breathtaking views of Doha's skyline by helicopter.,6/20/2024,6/24/2024
Moscow Kremlin Exploration,Russia,950000,8,4,"Explore the historic Kremlin in Moscow, Russia.",7/15/2024,7/22/2024
Beijing Culinary Adventure,China,1250000,10,6,"Embark on a culinary adventure in Beijing, China.",8/10/2024,8/19/2024
Hong Kong Harbor Cruise,Hong Kong,725000,6,3,Enjoy a relaxing harbor cruise in Hong Kong.,9/5/2024,9/10/2024
Taipei Eco Retreat,Taiwan,625000,5,2,"Immerse in eco-friendly practices in Taipei, Taiwan.",10/5/2024,10/9/2024
Mongolian Nomadic Adventure,Mongolia,1100000,12,6,Experience the nomadic lifestyle in the Mongolian wilderness.,11/5/2024,11/17/2024
Sochi Beachside Bliss,Russia,775000,7,4,"Relax on the picturesque beaches of Sochi, Russia.",12/10/2024,12/17/2024
Shanghai Art and Culture Tour,China,725000,6,3,"Explore the rich art and culture scene in Shanghai, China.",1/15/2025,1/20/2025
Macau Entertainment Extravaganza,Macau,975000,8,6,Experience the entertainment extravaganza in Macau.,2/10/2025,2/18/2025
Taiwan Hot Air Balloon Adventure,Taiwan,750000,7,4,Soar above the stunning landscapes of Taiwan in a hot air balloon.,3/15/2025,3/21/2025
Gobi Desert Expedition,Mongolia,950000,8,4,Embark on an expedition to explore the wonders of the Gobi Desert.,4/20/2025,4/27/2025
Kazan Cultural Retreat,Russia,675000,7,4,"Immerse in the cultural richness of Kazan, Russia.",5/15/2025,5/21/2025
Rio de Janeiro Carnival,Brazil,1550000,7,4,Experience the vibrant Rio de Janeiro Carnival in Brazil.,6/20/2024,6/26/2024
Buenos Aires Tango Retreat,Argentina,1125000,8,3,"Immerse in the world of tango in Buenos Aires, Argentina.",7/15/2024,7/22/2024
Taj Mahal and Jaipur Tour,India,850000,10,6,Explore the iconic Taj Mahal and Jaipur in India.,8/10/2024,8/19/2024
Islamabad Adventure Expedition,Pakistan,975000,12,4,"Embark on an adventure expedition in Islamabad, Pakistan.",9/5/2024,9/16/2024
Sri Lanka Tea Plantation Tour,Sri Lanka,725000,7,3,Explore the lush tea plantations of Sri Lanka.,10/5/2024,10/11/2024
Maldives Overwater Bungalow Retreat,Maldives,1950000,8,2,Relax in luxurious overwater bungalows in the Maldives.,11/5/2024,11/12/2024
Hawaii Volcano Adventure,Hawaii,1250000,9,4,Explore volcanic wonders on a Hawaii volcano adventure.,12/10/2024,12/18/2024
Berlin Art and Culture Tour,Germany,875000,7,2,"Immerse in art and culture in Berlin, Germany.",1/15/2025,1/21/2025
Rio Carnival Samba Experience,Brazil,1450000,7,4,Join the samba celebrations at Rio Carnival in Brazil.,2/10/2025,2/16/2025
Buenos Aires Gourmet Getaway,Argentina,950000,6,3,"Indulge in gourmet delights in Buenos Aires, Argentina.",3/15/2025,3/20/2025
Kerala Backwaters Retreat,India,825000,8,5,Relax in the serene Kerala backwaters of India.,4/20/2025,4/27/2025
Lahore Historic City Tour,Pakistan,725000,6,2,"Explore the historic city of Lahore, Pakistan.",5/15/2025,5/20/2025
Oktoberfest Adventure,Germany,1050000,5,2,"Experience the world-famous Oktoberfest in Munich, Germany.",9/30/2023,10/4/2023
Amazon Rainforest Expedition,Brazil,1750000,10,4,Explore the wonders of the Amazon Rainforest in Brazil.,10/10/2023,10/20/2023
Buenos Aires Tango Retreat,Argentina,1125000,8,3,"Immerse in the world of tango in Buenos Aires, Argentina.",10/15/2023,10/22/2023
Taj Mahal and Jaipur Tour,India,850000,7,2,Explore the iconic Taj Mahal and Jaipur in India.,11/5/2023,11/11/2023
Islamabad Adventure Expedition,Pakistan,975000,12,6,"Embark on an adventure expedition in Islamabad, Pakistan.",11/20/2023,12/1/2023
Sri Lanka Tea Plantation Tour,Sri Lanka,725000,7,3,Explore the lush tea plantations of Sri Lanka.,12/5/2023,12/11/2023
Maldives Overwater Bungalow Retreat,Maldives,1950000,8,2,Relax in luxurious overwater bungalows in the Maldives.,12/20/2023,12/27/2023
Hawaii Volcano Adventure,Hawaii,1250000,9,4,Explore volcanic wonders on a Hawaii volcano adventure.,1/5/2024,1/13/2024
Berlin Art and Culture Tour,Germany,875000,7,2,"Immerse in art and culture in Berlin, Germany.",2/10/2024,2/16/2024
Rio Carnival Samba Experience,Brazil,1450000,7,4,Join the samba celebrations at Rio Carnival in Brazil.,3/5/2024,3/11/2024
Ilam Tea Garden Tour,Nepal,525000,7,2,"Explore the beautiful tea gardens of Ilam, Nepal.",1/5/2024,1/11/2024
Langtang Valley Trek,Nepal,725000,10,4,Trek through the picturesque Langtang Valley in Nepal.,9/28/2023,10/7/2023
Bhaktapur Cultural Retreat,Nepal,375000,6,2,"Immerse in the cultural richness of Bhaktapur, Nepal.",10/12/2023,10/17/2023
Gosaikunda Lake Expedition,Nepal,925000,8,3,Explore the sacred Gosaikunda Lake in the Langtang region.,11/3/2023,11/10/2023
Annapurna Circuit Trek,Nepal,1150000,15,5,Trek around the Annapurna Circuit in the Himalayas.,11/18/2023,12/2/2023
Lumbini Pilgrimage Tour,Nepal,525000,7,2,"Visit the birthplace of Lord Buddha in Lumbini, Nepal.",12/10/2023,12/16/2023
Upper Dolpo Wilderness Trek,Nepal,1350000,14,6,Explore the remote and pristine Upper Dolpo region.,12/26/2023,1/8/2024
Janakpur Cultural Experience,Nepal,425000,6,3,"Experience the rich cultural heritage of Janakpur, Nepal.",1/15/2024,1/20/2024
Chitwan Jungle Safari,Nepal,725000,5,2,Go on a thrilling jungle safari in Chitwan National Park.,2/5/2024,2/9/2024
Bardia National Park Escape,Nepal,625000,7,4,Discover the wildlife of Bardia National Park in Nepal.,3/10/2024,3/16/2024
Rara Lake Adventure,Nepal,975000,9,3,Enjoy an adventurous journey to the stunning Rara Lake.,4/5/2024,4/13/2024
Ilam Tea Garden Tour,Nepal,85000,5,2,"Explore the beautiful tea gardens of Ilam, Nepal.",9/28/2023,10/2/2023
Bhaktapur Cultural Retreat,Nepal,30000,4,1,"Immerse in the cultural richness of Bhaktapur, Nepal.",10/10/2023,10/13/2023
Gosaikunda Lake Expedition,Nepal,75000,7,2,Explore the sacred Gosaikunda Lake in the Langtang region.,10/25/2023,10/31/2023
Kathmandu Valley Heritage Tour,Nepal,45000,3,1,Discover the cultural heritage of the Kathmandu Valley.,11/5/2023,11/7/2023
Rara Lake Adventure,Nepal,195000,5,2,Enjoy an adventurous journey to the stunning Rara Lake.,11/20/2023,11/24/2023
Chitwan Wildlife Safari,Nepal,100000,4,2,Experience a thrilling wildlife safari in Chitwan.,12/2/2023,12/5/2023
Bandipur Cultural Retreat,Nepal,40000,3,1,Immerse in the culture of the picturesque town of Bandipur.,12/15/2023,12/17/2023
Annapurna Foothills Trek,Nepal,125000,6,3,Trek through the beautiful Annapurna foothills.,1/5/2024,1/10/2024
Rupakot Resort Getaway,Nepal,175000,4,2,Relax at the scenic Rupakot Resort overlooking Lake Begnas.,1/20/2024,1/23/2024
Ghandruk Cultural Experience,Nepal,60000,5,2,Experience the culture of the Gurung people in Ghandruk.,2/10/2024,2/14/2024
Langtang Valley Trek,Nepal,85000,7,3,Trek through the picturesque Langtang Valley in Nepal.,3/5/2024,3/11/2024
Lumbini Pilgrimage Tour,Nepal,35000,4,1,"Visit the birthplace of Lord Buddha in Lumbini, Nepal.",9/28/2023,10/1/2023
Bandipur Cultural Retreat,Nepal,30000,3,1,Immerse in the culture of the picturesque town of Bandipur.,10/10/2023,10/12/2023
Ghorepani Poon Hill Trek,Nepal,65000,5,2,Trek to the beautiful Poon Hill in the Annapurna region.,10/25/2023,10/29/2023
Kathmandu Valley Heritage Tour,Nepal,45000,4,2,Explore the cultural heritage of the Kathmandu Valley.,11/5/2023,11/8/2023
Chitwan Wildlife Safari,Nepal,80000,3,1,Experience a thrilling wildlife safari in Chitwan.,11/20/2023,11/22/2023
Rara Lake Adventure,Nepal,175000,4,2,Enjoy an adventurous journey to the stunning Rara Lake.,12/2/2023,12/5/2023
Bardiya Jungle Exploration,Nepal,125000,5,3,Explore the wilderness of Bardiya National Park.,12/15/2023,12/19/2023
Annapurna Foothills Trek,Nepal,110000,6,2,Trek through the beautiful Annapurna foothills.,1/5/2024,1/10/2024
Pokhara Paragliding Adventure,Nepal,65000,3,1,Soar high over the stunning landscapes of Pokhara.,1/20/2024,1/22/2024
Ghandruk Cultural Experience,Nepal,60000,5,2,Experience the culture of the Gurung people in Ghandruk.,2/10/2024,2/14/2024
Langtang Valley Trek,Nepal,85000,7,3,Trek through the picturesque Langtang Valley in Nepal.,3/5/2024,3/11/2024
Everest View Helicopter Tour,Nepal,150000,2,1,Get a breathtaking view of Mount Everest by helicopter.,3/20/2024,3/21/2024
Upper Dolpo Wilderness Trek,Nepal,185000,10,4,Explore the remote and pristine Upper Dolpo region.,6/5/2024,6/15/2024
Janakpur Cultural Experience,Nepal,30000,3,1,"Experience the rich cultural heritage of Janakpur, Nepal.",6/20/2024,6/22/2024
Chitwan Jungle Safari,Nepal,85000,4,2,Go on a thrilling jungle safari in Chitwan National Park.,7/5/2024,7/8/2024
Bardia National Park Escape,Nepal,90000,5,3,Discover the wildlife of Bardia National Park in Nepal.,7/20/2024,7/25/2024
Rara Lake Adventure,Nepal,145000,6,2,Enjoy an adventurous journey to the stunning Rara Lake.,8/5/2024,8/10/2024
Ilam Tea Garden Tour,Nepal,40000,4,1,"Explore the beautiful tea gardens of Ilam, Nepal.",8/20/2024,8/23/2024
Manang Himalayan Expedition,Nepal,165000,9,3,Embark on a challenging expedition in the Manang region of Nepal.,9/5/2024,9/13/2024
Muktinath Pilgrimage Tour,Nepal,55000,4,1,Visit the sacred temple of Muktinath on this pilgrimage tour.,9/20/2024,9/23/2024
Gosaikunda Lake Expedition,Nepal,85000,5,2,Explore the sacred Gosaikunda Lake in the Langtang region.,10/5/2024,10/9/2024
Annapurna Circuit Trek,Nepal,125000,12,4,Trek around the Annapurna Circuit in the Himalayas.,10/20/2024,11/1/2024
Lumbini Pilgrimage Tour,Nepal,35000,4,1,"Visit the birthplace of Lord Buddha in Lumbini, Nepal.",11/5/2024,11/8/2024
Upper Dolpo Wilderness Trek,Nepal,185000,10,4,Explore the remote and pristine Upper Dolpo region.,11/20/2024,11/30/2024
Janakpur Cultural Experience,Nepal,30000,3,1,"Experience the rich cultural heritage of Janakpur, Nepal.",12/5/2024,12/8/2024
Chitwan Jungle Safari,Nepal,85000,4,2,Go on a thrilling jungle safari in Chitwan National Park.,12/20/2024,12/23/2024
Mardi Himal Trek,Nepal,95000,7,2,Trek to the stunning Mardi Himal in the Annapurna region.,9/28/2023,10/4/2023
Rara Lake Adventure,Nepal,175000,5,3,Enjoy an adventurous journey to the stunning Rara Lake.,10/15/2023,10/19/2023
Tansen Hill Station Retreat,Nepal,40000,4,1,Relax in the serene hill station of Tansen in Nepal.,10/28/2023,10/31/2023
Ilam Tea Garden Tour,Nepal,35000,5,2,"Explore the beautiful tea gardens of Ilam, Nepal.",11/5/2023,11/9/2023
Annapurna Circuit Trek,Nepal,125000,12,4,Trek around the Annapurna Circuit in the Himalayas.,11/18/2023,11/29/2023
Manaslu Base Camp Trek,Nepal,135000,14,6,Trek to the majestic Manaslu Base Camp in Nepal.,12/5/2023,12/18/2023
Rupakot Resort Getaway,Nepal,125000,3,2,Relax at the scenic Rupakot Resort overlooking Lake Begnas.,12/20/2023,12/22/2023
Gosaikunda Lake Expedition,Nepal,75000,6,3,Explore the sacred Gosaikunda Lake in the Langtang region.,1/5/2024,1/10/2024
Muktinath Pilgrimage Tour,Nepal,55000,4,2,Visit the sacred temple of Muktinath on this pilgrimage tour.,1/20/2024,1/23/2024
Chitwan Wildlife Safari,Nepal,80000,4,2,Experience a thrilling wildlife safari in Chitwan.,2/5/2024,2/8/2024
Ghandruk Cultural Experience,Nepal,60000,5,2,Experience the culture of the Gurung people in Ghandruk.,2/20/2024,2/24/2024
Langtang Valley Trek,Nepal,85000,7,3,Trek through the picturesque Langtang Valley in Nepal.,3/5/2024,3/11/2024
Everest View Helicopter Tour,Nepal,150000,2,1,Get a breathtaking view of Mount Everest by helicopter.,3/20/2024,3/21/2024
Pokhara Paragliding Adventure,Nepal,65000,3,1,Soar high over the stunning landscapes of Pokhara.,4/5/2024,4/7/2024
Tilocho Lake Expedition,Nepal,100000,5,2,Explore the pristine Tilocho Lake in Nepal's wilderness.,4/20/2024,4/24/2024
Kanchenjunga Base Camp Trek,Nepal,185000,16,4,Trek to the base camp of the world's third-highest peak.,5/5/2024,5/20/2024
Upper Dolpo Wilderness Trek,Nepal,185000,10,4,Explore the remote and pristine Upper Dolpo region.,6/5/2024,6/15/2024
Jhapa Tea Plantation Tour,Nepal,40000,4,2,Explore the lush tea plantations of Jhapa in eastern Nepal.,9/28/2023,10/1/2023
Dolakha Heritage Trail,Nepal,45000,5,2,Discover the rich cultural heritage of Dolakha in Nepal.,10/15/2023,10/19/2023
Kuri Village Retreat,Nepal,30000,3,1,Experience the tranquility of Kuri Village in the hills.,10/28/2023,10/30/2023
Bhimsenthan Temple Pilgrimage,Nepal,35000,4,1,Visit the sacred Bhimsenthan Temple in the Terai region.,11/5/2023,11/8/2023
Dakshinkali Temple Tour,Nepal,40000,4,2,Explore the ancient Dakshinkali Temple near Kathmandu.,11/18/2023,11/21/2023
Ghodaghodi Lake Exploration,Nepal,65000,5,3,Discover the natural beauty of Ghodaghodi Lake in Kailali.,12/5/2023,12/9/2023
CG Temple Visit,Nepal,30000,3,1,Explore the beautiful CG Temple and its surroundings.,12/20/2023,12/22/2023
Patan Durbar Square Experience,Nepal,40000,4,2,Immerse in the historic charm of Patan Durbar Square.,1/5/2024,1/8/2024
Pashupatinath Temple Pilgrimage,Nepal,35000,4,1,Visit the sacred Pashupatinath Temple in Kathmandu.,1/20/2024,1/23/2024
Bhaktapur Durbar Square Tour,Nepal,40000,4,2,Explore the cultural richness of Bhaktapur Durbar Square.,2/5/2024,2/8/2024
Night Camping Adventure,Nepal,45000,2,2,Enjoy a memorable night camping experience in various locations.,2/20/2024,2/21/2024
Tansen Hill Station Escape,Nepal,30000,3,1,Enjoy the tranquility of Tansen Hill Station in Nepal.,12/2/2023,12/4/2023
Rupakot Resort Getaway,Nepal,125000,4,2,Relax at the luxurious Rupakot Resort overlooking Lake Begnas.,12/15/2023,12/18/2023
Janakpur Cultural Experience,Nepal,30000,3,1,"Explore the cultural heritage of Janakpur, Nepal.",12/28/2023,12/30/2023
Gosaikunda Lake Expedition,Nepal,75000,7,3,Trek to the sacred Gosaikunda Lake in Langtang.,1/10/2024,12/10/2023
Pashupatinath Temple Visit,Nepal,30000,2,1,Explore the spiritual aura of Pashupatinath Temple in Kathmandu.,9/28/2023,9/29/2023
Patan Durbar Square Tour,Nepal,40000,4,2,Discover the historic charm of Patan Durbar Square.,10/10/2023,10/13/2023
Bhaktapur Durbar Square Visit,Nepal,35000,3,1,Immerse in the cultural richness of Bhaktapur Durbar Square.,10/25/2023,10/27/2023
Godawari Garden Retreat,Nepal,35000,3,2,Relax amidst the lush greenery of Godawari Garden.,11/5/2023,11/7/2023
Kathmandu Fun Park Adventure,Nepal,45000,2,2,Enjoy thrilling rides and entertainment at Kathmandu Fun Park.,11/20/2023,11/21/2023
Shivapuri Trekking Expedition,Nepal,55000,4,2,Trek through the beautiful Shivapuri National Park.,12/5/2023,12/8/2023
Nagarkot Sunrise Tour,Nepal,40000,2,1,Witness a mesmerizing sunrise view from Nagarkot.,12/20/2023,12/21/2023
Arun Valley Exploration,Nepal,85000,7,3,Explore the picturesque Arun Valley in eastern Nepal.,1/5/2024,1/11/2024
Karnali River Rafting,Nepal,75000,5,4,Experience thrilling white-water rafting on the Karnali River.,1/20/2024,1/24/2024
Pokhara Museum Discovery,Nepal,55000,3,2,Explore the cultural and artistic treasures of Pokhara Museum.,2/5/2024,2/7/2024
Shey Phoksundo Lake Expedition,Nepal,155000,7,2,Explore the pristine Shey Phoksundo Lake in the Dolpa region.,9/28/2023,10/4/2023
Phewa Lake Retreat,Nepal,35000,3,2,Relax by the beautiful Phewa Lake in the heart of Pokhara.,10/15/2023,10/17/2023
Rara Lake Adventure,Nepal,175000,5,3,Explore the serene beauty of Rara Lake in the Far West.,10/30/2023,11/3/2023
Begnas Lake Getaway,Nepal,45000,4,2,Enjoy the tranquility of Begnas Lake in the Pokhara Valley.,11/10/2023,11/13/2023
Mahendra Cave Exploration,Nepal,30000,2,1,Discover the fascinating Mahendra Cave in Pokhara.,11/25/2023,11/26/2023
David Falls Visit,Nepal,25000,2,1,Witness the enchanting David Falls in Pokhara.,12/5/2023,12/6/2023
Manakamana Temple Pilgrimage,Nepal,35000,3,1,Visit the sacred Manakamana Temple with scenic cable car ride.,12/18/2023,12/20/2023
Swayambhunath Temple Tour,Nepal,30000,2,1,Explore the iconic Swayambhunath Temple in Kathmandu.,12/28/2023,12/29/2023
Boudhanath Stupa Experience,Nepal,30000,2,1,Visit the majestic Boudhanath Stupa in Kathmandu.,1/10/2024,1/11/2024
Sagarmatha National Park Trek,Nepal,165000,10,4,Trek to the stunning Sagarmatha National Park in the Everest region.,1/25/2024,2/4/2024
Biratnagar Exploration,Nepal,35000,4,2,Discover the culture and heritage of Biratnagar in eastern Nepal.,2/20/2024,2/23/2024
Dharan Getaway,Nepal,30000,3,1,Enjoy a peaceful retreat in the charming town of Dharan.,3/5/2024,3/7/2024
Chitlang Organic Farm Stay,Nepal,35000,3,2,Experience an organic farm stay in the picturesque village of Chitlang.,9/28/2023,9/30/2023
Biratnagar Cultural Exploration,Nepal,40000,4,2,Explore the cultural richness of Biratnagar in eastern Nepal.,10/15/2023,10/18/2023
Lukla Adventure,Nepal,45000,5,3,Begin your Everest trek from the iconic Lukla airstrip.,10/28/2023,11/1/2023
Kirtipur Heritage Tour,Nepal,30000,2,1,"Discover the rich heritage of Kirtipur, a historic town near Kathmandu.",11/10/2023,11/11/2023
Dhulikhel Panorama Retreat,Nepal,40000,4,2,"Enjoy panoramic mountain views from Dhulikhel, a hill station near Kathmandu.",11/25/2023,11/28/2023
Sukute Beach Getaway,Nepal,35000,3,2,Relax by the tranquil Sukute Beach on the banks of the Sunkoshi River.,12/10/2023,12/12/2023
Shivapuri National Park Trek,Nepal,55000,5,3,"Trek through the beautiful Shivapuri National Park, north of Kathmandu.",12/25/2023,12/29/2023
Nagarjun National Park Hike,Nepal,30000,3,1,Explore the pristine Nagarjun National Park near Kathmandu.,1/10/2024,1/12/2024
Jomsom Himalayan Adventure,Nepal,75000,6,2,Explore the stunning landscapes of Jomsom and the Annapurna region.,9/28/2023,10/3/2023
Itahari Cultural Experience,Nepal,35000,4,2,Immerse in the culture and heritage of Itahari in eastern Nepal.,10/15/2023,10/18/2023
Kagbeni Village Trek,Nepal,60000,5,3,Trek to the picturesque Kagbeni village in the Mustang region.,10/28/2023,11/1/2023
Mount Manaslu Expedition,Nepal,185000,12,4,"Embark on an epic expedition to Mount Manaslu, the world's eighth-highest peak.",11/10/2023,11/21/2023
Narayangarh Wildlife Safari,Nepal,45000,4,2,Experience a thrilling wildlife safari near Narayangarh.,11/25/2023,11/28/2023
Sashwat Dham Spiritual Retreat,Nepal,30000,3,1,Find inner peace at the serene Sashwat Dham spiritual retreat.,12/10/2023,12/12/2023
Nuwakot Heritage Tour,Nepal,40000,4,2,Discover the historical sites and cultural heritage of Nuwakot.,12/25/2023,12/28/2023
Bandipur Hill Station Escape,Nepal,35000,3,2,"Enjoy the serene atmosphere of Bandipur, a charming hill station.",1/10/2024,1/12/2024
Daman Panoramic View Retreat,Nepal,30000,3,1,Witness breathtaking panoramic views of the Himalayas from Daman.,1/25/2024,1/27/2024
Gorkha Historical Exploration,Nepal,40000,4,2,Explore the historical sites and cultural heritage of Gorkha.,2/10/2024,2/13/2024
Bharatpur Bird Watching Tour,Nepal,35000,3,2,Discover the diverse birdlife of Bharatpur and Chitwan National Park.,2/25/2024,2/27/2024
Pathivara Temple Pilgrimage,Nepal,45000,5,2,Embark on a pilgrimage to the sacred Pathivara Temple in Taplejung.,3/10/2024,3/14/2024
Rupakot Resort Getaway,Nepal,125000,4,2,Relax at the luxurious Rupakot Resort overlooking Lake Begnas.,9/28/2023,10/1/2023
Pokhara Paragliding Adventure,Nepal,65000,3,2,Soar high over the beautiful landscapes of Pokhara.,10/15/2023,10/17/2023
Langtang Valley Trek,Nepal,85000,7,2,Trek through the stunning Langtang Valley in Nepal.,10/28/2023,11/3/2023
Muktinath Pilgrimage Tour,Nepal,55000,5,1,Embark on a spiritual journey to the sacred Muktinath Temple.,11/10/2023,11/14/2023
Bandipur Cultural Retreat,Nepal,40000,4,2,Immerse in the culture of the picturesque town of Bandipur.,11/25/2023,11/28/2023
Tansen Hill Station Escape,Nepal,30000,3,1,Enjoy the tranquility of Tansen Hill Station in Nepal.,12/10/2023,12/12/2023
Gosaikunda Lake Expedition,Nepal,75000,7,3,Trek to the sacred Gosaikunda Lake in Langtang.,12/25/2023,1/2/2024
Everest Base Camp Trek,Nepal,175000,14,4,Trek to the iconic Everest Base Camp in the Himalayas.,1/15/2024,1/28/2024
Bardia National Park Safari,Nepal,90000,4,2,Discover the wildlife of Bardia National Park in Nepal.,2/5/2024,2/8/2024
Upper Dolpo Wilderness Trek,Nepal,185000,10,4,Explore the remote and pristine Upper Dolpo region.,2/20/2024,2/29/2024
Tilocho Lake Expedition,Nepal,100000,5,2,Trek to the beautiful Tilocho Lake in the Annapurna region.,3/15/2024,3/19/2024
Chitwan Wildlife Safari,Nepal,80000,4,2,Experience a thrilling wildlife safari in Chitwan.,3/30/2024,4/2/2024
Mardi Himal Trek,Nepal,95000,6,2,Trek to the breathtaking Mardi Himal in the Annapurna region.,4/15/2024,4/20/2024
Poon Hill Trek,Nepal,65000,5,2,Trek to the beautiful Poon Hill for panoramic mountain views.,4/30/2024,5/4/2024
Rara Lake Adventure,Nepal,145000,5,3,Explore the pristine beauty of Rara Lake in the Far West.,5/15/2024,5/19/2024
Dolpo Wilderness Expedition,Nepal,200000,12,4,Embark on a challenging expedition to the remote Dolpo region.,5/30/2024,6/10/2024
Kathmandu Tour Package From Delhi,Nepal,"39,070.00",4,1,Explore Kathmandu - the Capital city of Nepal,9/28/2023,10/1/2023
Kathmandu Sightseeing Tour,Nepal,"32,585.00",6,1,Embark on this ultimate vacation to Nepal,10/10/2023,10/15/2023
6 Days Nepal Tour Package,Nepal,"60,847.00",6,1,Embark on this ultimate tour to Nepal starting from Gorakhpur,10/20/2023,10/25/2023
Nepal Tour Package from Gorakhpur,Nepal,"79,261.00",6,1,Nepal Tour Package from Gorakhpur,11/5/2023,11/10/2023
5 Days Kathmandu Pokhara Tour Package,Nepal,"48,838.00",5,1,Have a fun family time on this tour to Nepal,11/15/2023,11/19/2023
7 Days Nepal Tour Package For Family,Nepal,"67,252.00",7,1,7 Days Nepal Tour Package For Family,11/25/2023,12/1/2023
8 Days Sightseeing Tour Of Nepal,Nepal,"109,685.00",8,1,Satiate the adventurer in you by indulging in adrenaline activities,12/5/2023,12/12/2023
Adventure in Pokhara,Nepal,"48,021.55",4,1,Adventure in Pokhara,12/15/2023,12/18/2023
Everest Base Camp Trek,Nepal,"97,892.54",12,1,Allure the Exotic Views of Mt. Everest,12/22/2023,1/2/2024
Annapurna Base Camp Trek,Nepal,"75,257.24",9,1,The mountains are the last place where Traveler can feel truly wild - Annapurna Base Camp,1/10/2024,1/18/2024
Everest Base Camp Trek: Leadership Expedition,Nepal,"160,125.20",16,1,Everest Base Camp Trek: Leadership Expedition,1/25/2024,2/10/2024
Ghorepani Poon Hill Trek,Nepal,"340,000.00",7,1,"Ghorepani Poon Hill Trek, Nepal",2/15/2024,2/21/2024
Pokhara Thulakot Hill Day Hike,Nepal,"720,500.00",1,1,"Pokhara Thulakot Hill Day Hike, Nepal",2/28/2024,2/28/2024
Sarangkot Sunrise View Tour,Nepal,"3,600,570.00",1,1,Sarangkot Sunrise View Tour,12/12/2023,3/10/2024
Trek to Helambu in Kathmandu,Nepal,"65,915.54",9,1,9 Days Trek to Helambu in Kathmandu,3/20/2024,3/28/2024
Trek from Ghorepani to Ghandruk,Nepal,"65,262.23",8,1,8 Days Trek from Ghorepani to Ghandruk,4/5/2024,4/12/2024
International Mountain Museum Tour,Nepal,"12,000.00",1,1,Explore the rich history of mountain climbing at the International Mountain Museum in Pokhara,4/20/2024,4/20/2024
Helambu Trek,Nepal,"45,500.00",6,1,Trek through the picturesque Helambu region and experience its unique culture and landscapes,5/5/2024,5/10/2024
White Water Rafting Adventure,Nepal,"25,000.00",2,1,Experience thrilling white water rafting on Nepal's wild rivers,6/1/2024,6/2/2024
Mera Peak Climbing Expedition,Nepal,"150,000.00",14,1,Embark on an exciting climbing expedition to the majestic Mera Peak,6/15/2024,6/28/2024
Durbar Square Heritage Tour,Nepal,"5,000.00",1,1,Explore the historical Durbar Square in the heart of Kathmandu,7/10/2024,7/10/2024
Romantic Paris Getaway,France,"800,000",5,2,Fall in love all over again in the City of Love,12/10/2023,12/14/2023
Maldives Island Paradise,Maldives,"450,000",7,2,Relax on pristine beaches in the Maldives,1/15/2024,1/21/2024
Kyoto Cultural Immersion,Japan,"128,000",6,2,Explore the rich culture of Kyoto,2/20/2024,2/25/2024
New York City Adventure,USA,"1,000,000",5,2,Discover the iconic landmarks of NYC,3/15/2024,3/19/2024
Santorini Island Retreat,Greece,"800,000",8,2,Enjoy the beauty of Santorini,4/10/2024,4/17/2024
Serengeti Safari Expedition,Tanzania,"900,000",6,2,Witness the wildlife of the Serengeti,5/5/2024,5/10/2024
Cultural Journey through Machu Picchu,Peru,"380,000",9,2,Explore the ancient ruins of Machu Picchu,6/20/2024,6/28/2024
Caribbean Cruise Adventure,Caribbean,"400,200",10,2,Sail through the Caribbean islands,7/15/2024,7/25/2024
Halong Bay Cruise Adventure,Vietnam,"800,000",3,2,Sail through stunning limestone karsts in Halong Bay,9/28/2023,9/30/2023
Sundarbans Mangrove Safari,Bangladesh,"700,000",4,2,Explore unique wildlife in the Sundarbans,10/10/2023,10/13/2023
Taj Mahal & Rajasthan Tour,India,"950,000",8,2,Visit the Taj Mahal and explore Rajasthan,11/5/2023,11/12/2023
Northern Pakistan Adventure,Pakistan,"700,000",7,2,Adventure through Northern Pakistan,11/20/2023,11/26/2023
Dubai Luxury Getaway,UAE,"1,200,000",6,2,Experience luxury in Dubai,12/10/2023,12/15/2023
South Africa Safari Expedition,South Africa,"1,000,000",10,2,Explore the wildlife of South Africa,1/5/2024,1/15/2024
Explore the Beauty of Sweden,Sweden,"700,000",7,2,Discover the picturesque landscapes of Sweden,2/15/2024,2/21/2024
Norwegian Fjords Adventure,Norway,"850,000",8,2,Cruise through Norway's stunning fjords,3/10/2024,3/17/2024
Arctic Wilderness Exploration,Finland,"900,000",9,2,Explore the Arctic wilderness of Finland,4/5/2024,4/13/2024
Cultural Delights of Hanoi,Vietnam,"600,000",5,2,Explore the rich culture and history of Hanoi,9/25/2023,9/29/2023
Chittagong Hill Tracts Adventure,Bangladesh,"750,000",6,2,Trek through the scenic Chittagong Hill Tracts,10/15/2023,10/20/2023
Kerala Backwaters Houseboat Experience,India,"800,000",4,2,Cruise through Kerala's serene backwaters,11/10/2023,11/13/2023
Bhutan Cultural Immersion,Bhutan,"900,000",7,2,Discover Bhutan's unique culture and traditions,12/5/2023,12/11/2023
Abu Dhabi Desert Safari,UAE,"700,000",3,2,Experience a thrilling desert safari in Abu Dhabi,1/20/2024,1/22/2024
Cape Town Wine Tour,South Africa,"850,000",5,2,Explore the renowned wineries of Cape Town,2/15/2024,2/19/2024
Stockholm Archipelago Cruise,Sweden,"750,000",4,2,Cruise through Stockholm's beautiful archipelago,3/10/2024,3/13/2024
Northern Lights Adventure,Norway,"950,000",7,2,Chase the Northern Lights in Norway,4/8/2024,4/14/2024
Lapland Winter Wonderland,Finland,"800,000",6,2,Experience the enchanting Lapland in winter,5/5/2024,5/10/2024
Angkor Wat Discovery,Cambodia,"850,000",5,2,Explore the ancient temples of Angkor Wat,9/30/2023,10/4/2023
Sri Lankan Wildlife Safari,Sri Lanka,"700,000",7,2,Witness diverse wildlife in Sri Lanka,10/15/2023,10/21/2023
Santorini Island Getaway,Greece,"950,000",6,2,Enjoy a romantic getaway in Santorini,11/10/2023,11/15/2023
Egypt Pyramids Expedition,Egypt,"800,000",8,2,Explore the iconic Pyramids of Egypt,12/5/2023,12/12/2023
Tokyo City Explorer,Japan,"750,000",4,2,Discover the vibrant culture of Tokyo,1/20/2024,1/24/2024
Swiss Alps Adventure,Switzerland,"900,000",7,2,Experience the stunning Swiss Alps,2/15/2024,2/21/2024
Barcelona & Costa Brava Tour,Spain,"850,000",6,2,Explore the vibrant city of Barcelona,3/10/2024,3/16/2024
Lisbon & Porto Discovery,Portugal,"700,000",8,2,Discover the beauty of Lisbon and Porto,4/8/2024,4/15/2024
Paris City of Romance,France,"950,000",5,2,Experience the romantic charm of Paris,5/5/2024,5/9/2024
New York City Discovery,USA,"950,000",6,2,Explore the iconic attractions of New York City,2/15/2024,2/21/2024
Swiss Chocolate and Alps Tour,Switzerland,"700,000",7,2,Taste Swiss chocolate and enjoy the Alps,3/10/2024,3/15/2024
Athens and Greek Islands Adventure,Greece,"850,000",8,2,Explore Athens and the beautiful Greek Islands,4/8/2024,4/14/2024
Rome and Florence Art Exploration,Italy,"750,000",7,2,Discover art and history in Rome and Florence,5/5/2024,5/11/2024
Copenhagen Cultural Experience,Denmark,"750,000",5,2,Immerse yourself in the culture of Copenhagen,9/28/2023,10/2/2023
Amsterdam Canals and Museums Tour,Netherlands,"700,000",4,2,Explore the canals and museums of Amsterdam,10/15/2023,10/18/2023
Reykjavik Adventure,Iceland,"850,000",6,2,Discover the natural wonders of Reykjavik,11/5/2023,11/10/2023
Caribbean Islands Getaway,West Indies,"900,000",8,2,Relax on the beautiful Caribbean islands,12/10/2023,12/18/2023
Amazon Rainforest Expedition,Ecuador,"800,000",7,2,Explore the biodiversity of the Amazon,1/15/2024,1/21/2024
Angel Falls Adventure,Venezuela,"600,000",5,2,Visit the world's highest waterfall in Venezuela,2/20/2024,2/24/2024
Cancun Beach Paradise,Mexico,"750,000",6,2,Enjoy the sun and beaches of Cancun,3/15/2024,3/20/2024
Luang Prabang Cultural Exploration,Laos,"700,000",5,2,"Discover the culture of Luang Prabang, Laos",4/10/2024,4/14/2024
Copenhagen Culinary Journey,Denmark,"850,000",6,2,Savor the flavors of Danish cuisine in Copenhagen,9/25/2023,9/30/2023
Amsterdam Art and Canal Cruise,Netherlands,"750,000",5,2,Explore art and cruise the canals of Amsterdam,10/10/2023,10/14/2023
Iceland Highlands Expedition,Iceland,"900,000",8,2,Trek through Iceland's stunning highlands,11/5/2023,11/13/2023
Caribbean Cruise Adventure,West Indies,"1,000,000",10,2,Sail to multiple Caribbean islands,12/15/2023,12/25/2023
Galapagos Islands Wildlife Exploration,Ecuador,"950,000",9,2,Encounter unique wildlife in the Galapagos,1/20/2024,1/29/2024
Andes Mountain Trek,Venezuela,"800,000",7,2,Trek through the stunning Andes Mountains,2/25/2024,3/3/2024
Yucatan Peninsula Discovery,Mexico,"750,000",6,2,Explore the ancient ruins of the Yucatan,3/20/2024,3/26/2024
Laos River Adventure,Laos,"700,000",5,2,Embark on a river adventure in Laos,4/15/2024,4/19/2024
Copenhagen Christmas Market Tour,Denmark,"700,000",4,2,Experience the festive Christmas markets in Copenhagen,9/28/2023,10/1/2023
Dutch Tulip Fields and Windmills Tour,Netherlands,"800,000",6,2,Explore colorful tulip fields and iconic windmills,10/20/2023,10/26/2023
Magical Iceland Winter Adventure,Iceland,"900,000",7,2,Discover the magic of Iceland in winter,11/15/2023,11/21/2023
Caribbean Yacht Charter,West Indies,"1,000,000",9,2,Charter a yacht and explore the Caribbean,12/20/2023,12/28/2023
Amazon Rainforest Discovery,Ecuador,"750,000",8,2,Explore the Amazon rainforest's biodiversity,1/25/2024,2/1/2024
Angel Falls Expedition,Venezuela,"850,000",6,2,"Trek to Angel Falls, the world's highest waterfall",2/28/2024,3/5/2024
Mexico City Cultural Experience,Mexico,"700,000",5,2,Immerse in the cultural richness of Mexico City,3/25/2024,3/29/2024
Laos Hill Tribe Encounter,Laos,"600,000",7,2,Connect with local hill tribes in Laos,4/20/2024,4/26/2024
Singapore City Exploration,Singapore,"700,000",5,2,Discover the vibrant city of Singapore,9/25/2023,9/29/2023
Moroccan Desert Adventure,Morocco,"800,000",7,2,Experience the Sahara Desert in Morocco,10/15/2023,10/21/2023
Istanbul and Cappadocia Delights,Turkey,"900,000",8,2,Explore the cultural treasures of Turkey,11/10/2023,11/18/2023
Chilean Patagonia Expedition,Chile,"950,000",10,2,Trek through the stunning Patagonian landscapes,12/5/2023,12/15/2023
Antarctica Expedition,Antarctica,"1,000,000",12,2,Journey to the icy wonders of Antarctica,1/15/2024,1/26/2024
Croatian Adriatic Coast Cruise,Croatia,"750,000",7,2,Cruise along the beautiful Adriatic coast,2/20/2024,2/26/2024
Maltese Islands Discovery,Malta,"700,000",6,2,Explore the historical and scenic beauty of Malta,3/15/2024,3/20/2024
Faroe Islands Adventure,Faroe Islands,"850,000",8,2,Discover the rugged beauty of the Faroe Islands,4/10/2024,4/18/2024
Italian Riviera and Tuscany Escape,Italy,"900,000",9,2,Enjoy the charm of the Italian Riviera and Tuscany,5/5/2024,5/14/2024
Singapore Family Fun Adventure,Singapore,"750,000",6,2,A family-friendly adventure in Singapore,9/28/2023,10/3/2023
Moroccan Medina Exploration,Morocco,"700,000",5,2,Wander through the bustling medinas of Morocco,10/20/2023,10/24/2023
Istanbul and Aegean Coast Odyssey,Turkey,"850,000",7,2,Explore Istanbul and the stunning Aegean coast,11/15/2023,11/21/2023
Chilean Wine Country Retreat,Chile,"800,000",6,2,Savor Chilean wines in the beautiful wine country,12/10/2023,12/15/2023
Antarctic Peninsula Expedition,Antarctica,"950,000",9,2,Explore the pristine Antarctic Peninsula,1/25/2024,2/2/2024
Dalmatian Islands Sailing Adventure,Croatia,"700,000",5,2,Sail through the enchanting Dalmatian Islands,2/28/2024,3/4/2024
Malta History and Culture Tour,Malta,"750,000",6,2,Dive into Malta's rich history and culture,3/25/2024,3/30/2024
Faroe Islands Hiking Expedition,Faroe Islands,"850,000",7,2,Embark on a hiking adventure in the Faroe Islands,4/20/2024,4/26/2024
Italian Art and Architecture Discovery,Italy,"900,000",8,2,Explore Italy's renowned art and architecture,5/15/2024,5/22/2024
Singapore Adventure and Wildlife Safari,Singapore,"750,000",6,2,Experience adventure and wildlife in Singapore,9/28/2023,10/3/2023
Moroccan Atlas Mountain Trek,Morocco,"800,000",7,2,Trek through the Atlas Mountains in Morocco,10/15/2023,10/21/2023
Turkey Hot Air Balloon and Cappadocia,Turkey,"900,000",8,2,Soar in a hot air balloon over Cappadocia,11/10/2023,11/18/2023
Chilean Lake District Discovery,Chile,"950,000",10,2,Explore the stunning lakes of the Chilean Lake District,12/5/2023,12/15/2023
Antarctic Peninsula Expedition,Antarctica,"1,000,000",12,2,Journey to the icy wonders of the Antarctic Peninsula,1/15/2024,1/26/2024
Croatian Island Hopping Adventure,Croatia,"750,000",7,2,Hop among Croatia's picturesque islands,2/20/2024,2/26/2024
Malta History and Culture Tour,Malta,"700,000",6,2,Dive into Malta's rich history and culture,3/15/2024,3/20/2024
Faroe Islands Hiking Expedition,Faroe Islands,"850,000",8,2,Embark on a hiking adventure in the Faroe Islands,4/10/2024,4/18/2024
Italian Riviera and Tuscany Escape,Italy,"900,000",9,2,Enjoy the charm of the Italian Riviera and Tuscany,5/5/2024,5/14/2024
Parisian Elegance,France,"750,000",6,2,Experience the romantic charm of Paris.,10/10/2023,10/15/2023
NYC Broadway Extravaganza,USA,"900,000",7,2,Enjoy the glitz and glamour of Broadway shows in NYC.,11/5/2023,11/12/2023
Tokyo Adventure,Japan,"850,000",8,2,Explore vibrant neighborhoods and ancient temples in Tokyo.,1/15/2024,1/22/2024
Roman Holiday,Italy,"700,000",5,2,Discover the rich history of Rome and its iconic landmarks.,2/20/2024,2/24/2024
Caribbean Paradise,Mexico,"950,000",9,2,"Relax in the beautiful beaches of Cancún, Mexico.",3/20/2024,3/29/2024
London Explorer,United Kingdom,"850,000",7,2,"Explore the historic landmarks of London, UK.",4/5/2024,4/11/2024
Sydney Adventure,Australia,"800,000",8,2,"Discover the beauty of Sydney, Australia.",5/15/2024,5/22/2024
Rio de Janeiro Escape,Brazil,"950,000",10,2,"Experience the vibrant culture of Rio de Janeiro, Brazil.",6/10/2024,6/20/2024
Athens Odyssey,Greece,"700,000",6,2,"Immerse yourself in ancient history in Athens, Greece.",7/5/2024,7/10/2024
Cape Town Safari,South Africa,"900,000",9,2,"Embark on a safari adventure in Cape Town, South Africa.",8/20/2024,8/29/2024
Santorini Getaway,Greece,"750,000",6,2,Explore the stunning island of Santorini in Greece.,9/10/2024,9/15/2024
Kyoto Serenity,Japan,"800,000",7,2,"Discover the peaceful beauty of Kyoto, Japan.",10/5/2024,10/11/2024
Dubai Luxury Retreat,UAE,"900,000",8,2,"Experience luxury and opulence in Dubai, UAE.",11/15/2024,11/22/2024
Patagonia Expedition,Argentina,"950,000",10,2,"Explore the breathtaking landscapes of Patagonia, Argentina.",12/10/2024,12/20/2024
Amsterdam Culture,Netherlands,"700,000",5,2,"Dive into the rich cultural scene of Amsterdam, Netherlands.",1/15/2025,1/19/2025
Vienna Cultural Tour,Austria,"850,000",7,2,"Immerse yourself in the cultural delights of Vienna, Austria.",2/20/2025,2/27/2025
Serengeti Safari,Tanzania,"950,000",9,2,"Witness the incredible wildlife of the Serengeti, Tanzania.",3/15/2025,3/24/2025
Santorini Romance,Greece,"750,000",6,2,"Enjoy a romantic getaway on the beautiful island of Santorini, Greece.",4/10/2025,4/15/2025
Machu Picchu Adventure,Peru,"900,000",8,2,"Embark on an adventure to the ancient ruins of Machu Picchu, Peru.",5/5/2025,5/12/2025
Prague Explorer,Czech Republic,"700,000",5,2,"Explore the charming streets of Prague, Czech Republic.",6/20/2025,6/24/2025
Barcelona Getaway,Spain,"750,000",6,2,"Explore the vibrant streets of Barcelona, Spain.",7/10/2025,7/15/2025
Bali Beach Retreat,Indonesia,"850,000",7,2,"Relax on the beautiful beaches of Bali, Indonesia.",8/5/2025,8/12/2025
Egyptian Adventure,Egypt,"900,000",8,2,Discover the wonders of ancient Egypt.,9/20/2025,9/28/2025
Buenos Aires Tango,Argentina,"700,000",5,2,"Experience the vibrant tango culture in Buenos Aires, Argentina.",10/15/2025,10/19/2025
Prague Christmas,Czech Republic,"800,000",7,2,Celebrate Christmas in the magical city of Prague.,11/20/2025,11/27/2025
Maldives Paradise,Maldives,"950,000",9,2,Indulge in a luxurious paradise in the Maldives.,12/10/2025,12/19/2025
Sydney Opera House Escape,Australia,"780,000",6,2,"Experience the iconic Sydney Opera House and explore the vibrant city of Sydney, Australia.",9/30/2023,10/5/2023
Rio Carnival Extravaganza,Brazil,"720,000",5,2,Join the world-famous Rio Carnival and immerse yourself in Brazil's colorful culture.,10/10/2023,10/14/2023
Historic Athens Tour,Greece,"690,000",7,2,"Explore the rich history of Athens, Greece, and visit ancient landmarks.",10/25/2023,11/1/2023
Dubai Luxury Getaway,UAE,"900,000",6,2,"Indulge in luxury and explore the stunning cityscape of Dubai, UAE.",11/15/2023,11/20/2023
Tokyo Tech Adventure,Japan,"750,000",7,2,Dive into Tokyo's tech culture and explore futuristic attractions.,12/5/2023,12/12/2023
Parisian Romance,France,"850,000",6,2,Experience the romance of Paris with your loved one.,12/20/2023,12/25/2023
New Year's Eve in New York,USA,"950,000",5,2,"Welcome the New Year in Times Square, New York City, with a spectacular celebration.",12/31/2023,1/5/2024
Swiss Alps Adventure,Switzerland,"820,000",7,2,Embark on an adventure in the stunning Swiss Alps.,1/15/2024,1/22/2024
Amazon Rainforest Expedition,Brazil,"880,000",8,2,Explore the Amazon rainforest and discover its unique biodiversity.,2/5/2024,2/12/2024
Santorini Honeymoon,Greece,"790,000",6,2,"Enjoy a romantic honeymoon on the enchanting island of Santorini, Greece.",2/20/2024,2/25/2024
Swiss Chocolate Tour,Switzerland,"720,000",5,2,Savor Swiss chocolate and explore the picturesque Swiss countryside.,3/10/2024,3/15/2024
Bali Surfing Adventure,Indonesia,"670,000",7,2,"Ride the waves and enjoy a thrilling surfing adventure in Bali, Indonesia.",3/25/2024,4/1/2024
Machu Picchu Expedition,Peru,"890,000",8,2,Trek to the awe-inspiring Machu Picchu ruins in Peru.,4/10/2024,4/17/2024
Istanbul Grand Tour,Turkey,"720,000",7,2,"Explore the historical wonders of Istanbul, Turkey.",5/5/2024,5/12/2024
Serengeti Safari,Tanzania,"950,000",9,2,"Witness the incredible wildlife of the Serengeti, Tanzania.",5/20/2024,5/29/2024
Kyoto Cherry Blossom Tour,Japan,"790,000",6,2,"Experience the beauty of cherry blossoms in Kyoto, Japan.",6/10/2024,6/15/2024
Mediterranean Cruise,Greece,"920,000",10,2,Sail through the Mediterranean and explore its coastal treasures.,6/25/2024,7/5/2024
Prague Summer Escape,Czech Republic,"710,000",6,2,Enjoy a summer escape in the charming city of Prague.,7/15/2024,7/20/2024
African Safari Adventure,Kenya,"850,000",8,2,Embark on a thrilling safari adventure in Kenya's wildlife reserves.,8/5/2024,8/13/2024
